{
  "title": "QuantSandbox v2 Research Report",
  "output_format": "json",
  "config": {
    "start_date": "20240101",
    "end_date": "20240430",
    "tickers": [
      "sh600519",
      "sz000858",
      "sz300750",
      "sz000001",
      "sh600036"
    ],
    "universe": null,
    "factors": [
      "momentum_20d",
      "pe"
    ],
    "horizons": [
      20
    ],
    "rebalance_frequency": "W",
    "top_n": 10,
    "weighting": "equal",
    "benchmark": "equal_weight_universe",
    "commission_bps": 10.0,
    "slippage_bps": 5.0,
    "report_format": "json"
  },
  "dataset_summary": {
    "rows": 390,
    "tickers": [
      "sh600519",
      "sz000858",
      "sz300750",
      "sz000001",
      "sh600036"
    ],
    "factors": [
      "momentum_20d",
      "pe"
    ],
    "horizons": [
      20
    ],
    "valid_sample_ratio": 0.7435897435897436,
    "invalid_reasons": {
      "missing_future_return_20d": 100
    }
  },
  "factor_results": {
    "momentum_20d": {
      "full_sample": {
        "20": {
          "ic": {
            "ic_mean": -0.3058170170893929,
            "ic_std": 0.4338930367692283,
            "rank_ic_mean": -0.3655172413793103,
            "rank_ic_std": 0.4248941954050934,
            "sample_count": 58,
            "positive_ic_ratio": 0.1896551724137931
          },
          "group_returns": {
            "Q1": 0.0,
            "Q2": 0.07956461040504771,
            "Q3": 0.025648910700173545,
            "Q4": 0.057256912805232305,
            "Q5": 0.029664879192659557
          },
          "monotonicity_score": 0.5
        }
      },
      "in_sample": {
        "20": {
          "ic": {
            "ic_mean": -0.45003260845467813,
            "ic_std": 0.3679247405217881,
            "rank_ic_mean": -0.505,
            "rank_ic_std": 0.3619046835839514,
            "sample_count": 40,
            "positive_ic_ratio": 0.075
          },
          "group_returns": {
            "Q1": 0.0,
            "Q2": 0.09820977664706301,
            "Q3": 0.03620414897329936,
            "Q4": 0.07208316765851906,
            "Q5": 0.03862920609189187
          },
          "monotonicity_score": 0.5
        }
      },
      "out_sample": {
        "20": {
          "ic": {
            "ic_mean": 0.014662074833463275,
            "ic_std": 0.3960829302183654,
            "rank_ic_mean": -0.055555555555555546,
            "rank_ic_std": 0.3890475866669243,
            "sample_count": 18,
            "positive_ic_ratio": 0.4444444444444444
          },
          "group_returns": {
            "Q1": 0.0,
            "Q2": 0.0381309076450137,
            "Q3": 0.0021928256487828268,
            "Q4": 0.024309679797928387,
            "Q5": 0.014724334360605709
          },
          "monotonicity_score": 0.5
        }
      }
    },
    "pe": {
      "full_sample": {
        "20": {
          "ic": {
            "ic_mean": -0.26417042231477705,
            "ic_std": 0.45341428719804483,
            "rank_ic_mean": -0.23965517241379308,
            "rank_ic_std": 0.5051253361611026,
            "sample_count": 58,
            "positive_ic_ratio": 0.3448275862068966
          },
          "group_returns": {
            "Q1": 0.0,
            "Q2": 0.04620752041980781,
            "Q3": 0.04687891311850483,
            "Q4": 0.062470359404038646,
            "Q5": 0.04302998098259815
          },
          "monotonicity_score": 0.75
        }
      },
      "in_sample": {
        "20": {
          "ic": {
            "ic_mean": -0.2301043080642801,
            "ic_std": 0.4928358498633915,
            "rank_ic_mean": -0.18749999999999997,
            "rank_ic_std": 0.5491755183909786,
            "sample_count": 40,
            "positive_ic_ratio": 0.425
          },
          "group_returns": {
            "Q1": 0.0,
            "Q2": 0.0648288048062631,
            "Q3": 0.04497317552826674,
            "Q4": 0.07897076420291091,
            "Q5": 0.05961730663134096
          },
          "monotonicity_score": 0.5
        }
      },
      "out_sample": {
        "20": {
          "ic": {
            "ic_mean": -0.33987289842699253,
            "ic_std": 0.3382010700758993,
            "rank_ic_mean": -0.3555555555555555,
            "rank_ic_std": 0.3639630967590933,
            "sample_count": 18,
            "positive_ic_ratio": 0.16666666666666666
          },
          "group_returns": {
            "Q1": 0.0,
            "Q2": 0.004826888449907165,
            "Q3": 0.05111388554125614,
            "Q4": 0.02580279318432253,
            "Q5": 0.0061692573187252485
          },
          "monotonicity_score": 0.5
        }
      }
    }
  },
  "backtest_results": {
    "momentum_20d": {
      "factor_name": "momentum_20d",
      "horizon": 20,
      "top_n": 10,
      "rebalance_frequency": "W",
      "weighting": "equal",
      "benchmark_name": "equal_weight_universe",
      "annual_return": 7.64811959879966,
      "total_return": 0.6451772563815681,
      "max_drawdown": 0.0,
      "sharpe": 23.781195456365175,
      "turnover": 0.11666666666666665,
      "win_rate": 0.9166666666666666,
      "cost_paid": 0.0021,
      "holdings_by_rebalance_date": {
        "2024-01-02": [
          "sh600519",
          "sz000858",
          "sz300750",
          "sz000001"
        ],
        "2024-01-08": [
          "sh600519",
          "sz000858",
          "sz300750",
          "sz000001"
        ],
        "2024-01-15": [
          "sh600519",
          "sz000858",
          "sz300750",
          "sz000001"
        ],
        "2024-01-22": [
          "sh600519",
          "sz000858",
          "sz300750",
          "sz000001"
        ],
        "2024-01-29": [
          "sh600519",
          "sz000858",
          "sz300750",
          "sz000001"
        ],
        "2024-02-05": [
          "sh600036",
          "sz000001",
          "sz300750",
          "sh600519",
          "sz000858"
        ],
        "2024-02-19": [
          "sh600036",
          "sz000001",
          "sz000858",
          "sz300750",
          "sh600519"
        ],
        "2024-02-26": [
          "sz000001",
          "sh600036",
          "sz000858",
          "sh600519",
          "sz300750"
        ],
        "2024-03-04": [
          "sz300750",
          "sz000001",
          "sz000858",
          "sh600519",
          "sh600036"
        ],
        "2024-03-11": [
          "sz300750",
          "sz000858",
          "sz000001",
          "sh600519",
          "sh600036"
        ],
        "2024-03-18": [
          "sz300750",
          "sz000858",
          "sz000001",
          "sh600519",
          "sh600036"
        ],
        "2024-03-25": [
          "sz300750",
          "sz000858",
          "sh600519",
          "sz000001",
          "sh600036"
        ]
      },
      "equity_curve": [
        0.9548161440920826,
        0.9590226940516212,
        1.0003866968026105,
        1.0747122699206857,
        1.1544959467349196,
        1.2996391606252893,
        1.4001654064929698,
        1.4635693305068938,
        1.5865880734881068,
        1.6075688079820196,
        1.61594905704508,
        1.645177256381568
      ],
      "benchmark_equity_curve": [
        0.9563161440920827,
        0.9605293024704026,
        1.0019582873695365,
        1.076400624704856,
        1.1563096403248505,
        1.302374657531568,
        1.4031124923101572,
        1.466649869703481,
        1.5899275440873748,
        1.61095243909602,
        1.6193503270130643,
        1.6486400462323654
      ],
      "benchmark_returns": [
        -0.0436838559079174,
        0.004405612520867547,
        0.04313141180865815,
        0.07429684276653342,
        0.07423724381607927,
        0.12631998567933964,
        0.07734935119938599,
        0.04528316706005002,
        0.08405392243263705,
        0.013223807013616872,
        0.0052129955628961834,
        0.018087327201969216
      ],
      "excess_return_vs_benchmark": -0.0034627898507972876
    },